{
  "name": "black-hawk",
  "version": "1.0.0",
  "description": "A social media and chat website with video calling and real-time messaging",
  "main": "index.js",
  "scripts": {
    "start": "node server.js",
    "build": "react-scripts build",
    "test": "react-scripts test",
    "eject": "react-scripts eject"
  },
  "dependencies": {
    "express": "^4.17.1",
    "mongoose": "^5.10.9",
    "socket.io": "^4.0.1",
    "cors": "^2.8.5",
    "dotenv": "^8.2.0",
    "react": "^17.0.1",
    "react-dom": "^17.0.1",
    "react-scripts": "4.0.0",
    "bootstrap": "^5.1.0",
    "axios": "^0.21.1"
  },
  "devDependencies": {
    "nodemon": "^2.0.7"
  },
  "proxy": "http://localhost:5000",
  "author": "Akshath Ramanathan",
  "license": "ISC"
}
